{
    "providers":[
        {
            "type":"bitmap",
            "file":"minecraft:guis/prefixes/admin.png",
            "ascent":8,
            "height":8,
            "chars":[
                "ぴ"
            ]
        },
        {
            "type":"bitmap",
            "file":"minecraft:guis/prefixes/pearl.png",
            "ascent":8,
            "height":8,
            "chars":[
                "☷"
            ]
        },
        {
            "type":"bitmap",
            "file":"minecraft:guis/prefixes/owner.png",
            "ascent":8,
            "height":8,
            "chars":[
                "説"
            ]
        },
        {
            "type":"bitmap",
            "file":"minecraft:guis/prefixes/srmod.png",
            "ascent":8,
            "height":8,
            "chars":[
                "ⴞ"
            ]
        },
        {
            "type":"bitmap",
            "file":"minecraft:guis/prefixes/mod.png",
            "ascent":8,
            "height":8,
            "chars":[
                "ჰ"
            ]
        },
        {
            "type":"bitmap",
            "file":"minecraft:guis/prefixes/jrmod.png",
            "ascent":8,
            "height":8,
            "chars":[
                "ჲ"
            ]
        },
        {
            "type":"bitmap",
            "file":"minecraft:guis/prefixes/manager.png",
            "ascent":8,
            "height":8,
            "chars":[
                "ჵ"
            ]
        },
        {
            "type":"bitmap",
            "file":"minecraft:guis/prefixes/ruby.png",
            "ascent":8,
            "height":8,
            "chars":[
                "⊻"
            ]
        },
        {
            "type":"bitmap",
            "file":"minecraft:guis/prefixes/sapphire.png",
            "ascent":8,
            "height":8,
            "chars":[
                "𐌷"
            ]
        },
        {
            "type":"bitmap",
            "file":"minecraft:guis/prefixes/onyx.png",
            "ascent":8,
            "height":8,
            "chars":[
                "Ⱦ"
            ]
        },
        {
            "type":"bitmap",
            "file":"minecraft:guis/prefixes/opal.png",
            "ascent":8,
            "height":8,
            "chars":[
                "𐌺"
            ]
        },
        {
            "type":"bitmap",
            "file":"minecraft:guis/prefixes/jade.png",
            "ascent":8,
            "height":8,
            "chars":[
                "𐍆"
            ]
        },
        {
            "type":"bitmap",
            "file":"minecraft:guis/prefixes/amethyst.png",
            "ascent":8,
            "height":8,
            "chars":[
                "ɉ"
            ]
        },
        {
            "type":"bitmap",
            "file":"minecraft:guis/prefixes/topaz.png",
            "ascent":8,
            "height":8,
            "chars":[
                "₫"
            ]
        },
        {
            "type":"bitmap",
            "file":"minecraft:guis/prefixes/topazplus.png",
            "ascent":8,
            "height":8,
            "chars":[
                "ⴒ"
            ]
        },
        {
            "type":"bitmap",
            "file":"minecraft:guis/prefixes/player.png",
            "ascent":8,
            "height":8,
            "chars":[
                "ṧ"
            ]
        },
        {
            "type":"bitmap",
            "file":"minecraft:guis/prefixes/common.png",
            "ascent":8,
            "height":9,
            "chars":[
                "ῒ"
            ]
        },
        {
            "type":"bitmap",
            "file":"minecraft:guis/prefixes/rare.png",
            "ascent":8,
            "height":9,
            "chars":[
                "ӿ"
            ]
        },
        {
            "type":"bitmap",
            "file":"minecraft:guis/prefixes/epic.png",
            "ascent":8,
            "height":9,
            "chars":[
                "Ꚇ"
            ]
        },
        {
            "type":"bitmap",
            "file":"minecraft:guis/prefixes/legendary.png",
            "ascent":8,
            "height":9,
            "chars":[
                "ԃ"
            ]
        },
        {
            "type":"bitmap",
            "file":"minecraft:guis/prefixes/mythic.png",
            "ascent":8,
            "height":9,
            "chars":[
                "Ŀ"
            ]
        },
        {
            "type":"bitmap",
            "file":"minecraft:guis/emojis/mc_cake.png",
            "ascent":8,
            "height":9,
            "chars":[
                "Ṫ"
            ]
        },
        {
            "type":"bitmap",
            "file":"minecraft:guis/emojis/mc_barrier.png",
            "ascent":8,
            "height":9,
            "chars":[
                "№"
            ]
        },
        {
            "type":"bitmap",
            "file":"minecraft:guis/emojis/mc_clock.png",
            "ascent":8,
            "height":9,
            "chars":[
                "ļ"
            ]
        },
        {
            "type":"bitmap",
            "file":"minecraft:guis/emojis/mc_compass.png",
            "ascent":8,
            "height":9,
            "chars":[
                "Ō"
            ]
        },
        {
            "type":"bitmap",
            "file":"minecraft:guis/emojis/mc_cookie.png",
            "ascent":8,
            "height":9,
            "chars":[
                "Ǆ"
            ]
        },
        {
            "type":"bitmap",
            "file":"minecraft:guis/emojis/mc_emerald.png",
            "ascent":8,
            "height":9,
            "chars":[
                "Ꝡ"
            ]
        },
        {
            "type":"bitmap",
            "file":"minecraft:guis/emojis/mc_enchanted_book.png",
            "ascent":8,
            "height":9,
            "chars":[
                "Ƕ"
            ]
        },
        {
            "type":"bitmap",
            "file":"minecraft:guis/emojis/mc_experience_bottle.png",
            "ascent":8,
            "height":9,
            "chars":[
                "Ƽ"
            ]
        },
        {
            "type":"bitmap",
            "file":"minecraft:guis/emojis/mc_firework_rocket.png",
            "ascent":8,
            "height":9,
            "chars":[
                "ⴇ"
            ]
        },
        {
            "type":"bitmap",
            "file":"minecraft:guis/emojis/mc_ghast_tear.png",
            "ascent":8,
            "height":9,
            "chars":[
                "ȼ"
            ]
        },
        {
            "type":"bitmap",
            "file":"minecraft:guis/emojis/mc_golden_carrot.png",
            "ascent":8,
            "height":9,
            "chars":[
                "ʢ"
            ]
        },
        {
            "type":"bitmap",
            "file":"minecraft:guis/emojis/mc_knowledge_book.png",
            "ascent":8,
            "height":9,
            "chars":[
                "𐍈"
            ]
        },
        {
            "type":"bitmap",
            "file":"minecraft:guis/emojis/mc_name_tag.png",
            "ascent":8,
            "height":9,
            "chars":[
                "Ỵ"
            ]
        },
        {
            "type":"bitmap",
            "file":"minecraft:guis/emojis/mc_orange_dye.png",
            "ascent":8,
            "height":9,
            "chars":[
                "ќ"
            ]
        },
        {
            "type":"bitmap",
            "file":"minecraft:guis/emojis/mc_sweet_berries.png",
            "ascent":8,
            "height":9,
            "chars":[
                "ᵫ"
            ]
        },
        {
            "type":"bitmap",
            "file":"minecraft:guis/emojis/mc_tnt_minecart.png",
            "ascent":8,
            "height":9,
            "chars":[
                "ῇ"
            ]
        },
        {
            "type":"bitmap",
            "file":"minecraft:guis/emojis/icon_cancel.png",
            "ascent":8,
            "height":9,
            "chars":[
                "₽"
            ]
        },
        {
            "type":"bitmap",
            "file":"minecraft:guis/emojis/icon_confirm.png",
            "ascent":8,
            "height":9,
            "chars":[
                "ⴣ"
            ]
        },
        {
            "type":"bitmap",
            "file":"minecraft:guis/emojis/icon_refresh.png",
            "ascent":8,
            "height":9,
            "chars":[
                "ɨ"
            ]
        },
        {
            "type":"bitmap",
            "file":"minecraft:guis/emojis/icon_ender_chest.png",
            "ascent":8,
            "height":9,
            "chars":[
                "ȡ"
            ]
        },
        {
            "type":"bitmap",
            "file":"minecraft:guis/emojis/icon_comment.png",
            "ascent":8,
            "height":9,
            "chars":[
                "Ӡ"
            ]
        },
        {
            "type":"bitmap",
            "file":"minecraft:guis/emojis/icon_back_orange.png",
            "ascent":8,
            "height":9,
            "chars":[
                "ῢ"
            ]
        },
        {
            "type":"bitmap",
            "file":"minecraft:guis/emojis/icon_next_orange.png",
            "ascent":8,
            "height":9,
            "chars":[
                "ᾎ"
            ]
        },
        {
            "type":"bitmap",
            "file":"minecraft:guis/emojis/mc_purple_dye.png",
            "ascent":8,
            "height":9,
            "chars":[
                "ꜿ"
            ]
        },
        {
            "type":"bitmap",
            "file":"minecraft:guis/emojis/mc_pumpkin_pie.png",
            "ascent":8,
            "height":9,
            "chars":[
                "ƍ"
            ]
        },
        {
            "type":"bitmap",
            "file":"minecraft:guis/logo/downscaled.png",
            "ascent":85,
            "height":125,
            "chars":[
                "¼"
            ]
        },
        {
            "type":"bitmap",
            "file":"minecraft:guis/prefixes/event.png",
            "ascent":8,
            "height":15,
            "chars":[
                "Ҕ"
            ]
        },
        {
            "type":"bitmap",
            "file":"minecraft:guis/prefixes/apple.png",
            "ascent":8,
            "height":8,
            "chars":[
                "⌠"
            ]
        },
        {
            "type":"bitmap",
            "file":"minecraft:guis/prefixes/blueberry.png",
            "ascent":8,
            "height":8,
            "chars":[
                "⌡"
            ]
        },
        {
            "type":"bitmap",
            "file":"minecraft:guis/prefixes/lemon.png",
            "ascent":8,
            "height":8,
            "chars":[
                "Ձ"
            ]
        },
        {
            "type":"bitmap",
            "file":"minecraft:guis/prefixes/mango.png",
            "ascent":8,
            "height":8,
            "chars":[
                "ᚠ"
            ]
        },
        {
            "type":"bitmap",
            "file":"minecraft:guis/prefixes/dragonfruit.png",
            "ascent":8,
            "height":8,
            "chars":[
                "ϛ"
            ]
        },
        {
            "type":"bitmap",
            "file":"minecraft:guis/prefixes/npc.png",
            "ascent":8,
            "height":8,
            "chars":[
                "₴"
            ]
        }
    ]
}
