{
    "providers":[
        {
            "type":"bitmap",
            "file":"minecraft:guis/prefixes/admin.png",
            "ascent":8,
            "height":8,
            "chars":[
                "ぴ"
            ]
        },
        {
            "type":"bitmap",
            "file":"minecraft:guis/prefixes/pearl.png",
            "ascent":8,
            "height":8,
            "chars":[
                "☷"
            ]
        },
        {
            "type":"bitmap",
            "file":"minecraft:guis/prefixes/owner.png",
            "ascent":8,
            "height":8,
            "chars":[
                "説"
            ]
        },
        {
            "type":"bitmap",
            "file":"minecraft:guis/prefixes/srmod.png",
            "ascent":8,
            "height":8,
            "chars":[
                "ⴞ"
            ]
        },
        {
            "type":"bitmap",
            "file":"minecraft:guis/prefixes/mod.png",
            "ascent":8,
            "height":8,
            "chars":[
                "ჰ"
            ]
        },
        {
            "type":"bitmap",
            "file":"minecraft:guis/prefixes/jrmod.png",
            "ascent":8,
            "height":8,
            "chars":[
                "ჲ"
            ]
        },
        {
            "type":"bitmap",
            "file":"minecraft:guis/prefixes/manager.png",
            "ascent":8,
            "height":8,
            "chars":[
                "ჵ"
            ]
        },
        {
            "type":"bitmap",
            "file":"minecraft:guis/prefixes/ruby.png",
            "ascent":8,
            "height":8,
            "chars":[
                "⊻"
            ]
        },
        {
            "type":"bitmap",
            "file":"minecraft:guis/prefixes/sapphire.png",
            "ascent":8,
            "height":8,
            "chars":[
                "𐌷"
            ]
        },
        {
            "type":"bitmap",
            "file":"minecraft:guis/prefixes/onyx.png",
            "ascent":8,
            "height":8,
            "chars":[
                "Ⱦ"
            ]
        },
        {
            "type":"bitmap",
            "file":"minecraft:guis/prefixes/opal.png",
            "ascent":8,
            "height":8,
            "chars":[
                "𐌺"
            ]
        },
        {
            "type":"bitmap",
            "file":"minecraft:guis/prefixes/jade.png",
            "ascent":8,
            "height":8,
            "chars":[
                "𐍆"
            ]
        },
        {
            "type":"bitmap",
            "file":"minecraft:guis/prefixes/amethyst.png",
            "ascent":8,
            "height":8,
            "chars":[
                "ɉ"
            ]
        },
        {
            "type":"bitmap",
            "file":"minecraft:guis/prefixes/topaz.png",
            "ascent":8,
            "height":8,
            "chars":[
                "₫"
            ]
        },
        {
            "type":"bitmap",
            "file":"minecraft:guis/prefixes/topazplus.png",
            "ascent":8,
            "height":8,
            "chars":[
                "ⴒ"
            ]
        },
        {
            "type":"bitmap",
            "file":"minecraft:guis/prefixes/player.png",
            "ascent":8,
            "height":8,
            "chars":[
                "ṧ"
            ]
        },
        {
            "type":"bitmap",
            "file":"minecraft:guis/prefixes/common.png",
            "ascent":8,
            "height":8,
            "chars":[
                "ῒ"
            ]
        },
        {
            "type":"bitmap",
            "file":"minecraft:guis/prefixes/rare.png",
            "ascent":8,
            "height":8,
            "chars":[
                "ӿ"
            ]
        },
        {
            "type":"bitmap",
            "file":"minecraft:guis/prefixes/epic.png",
            "ascent":8,
            "height":8,
            "chars":[
                "Ꚇ"
            ]
        },
        {
            "type":"bitmap",
            "file":"minecraft:guis/prefixes/legendary.png",
            "ascent":8,
            "height":8,
            "chars":[
                "ԃ"
            ]
        }
    ]
}
